X,Y,Test or train,Raw prediction,Cumulative prediction,Logistic prediction
-72.689355,19.310932,train,0.003355704697986577,0.33557047,0.5000000000000059
